﻿Treatment,UserID,UserNo,Started,Ended,CC,P1v,F1v,P2v,F2v,P3v,F3v,P4v,AC1,P5v,F4v,P6v,F5v,P7v,F6v,P8v,AC2,P9v,F7v,P10v,MC,Gender,Age,Education,Income,Race,Ideology,Satiety
cdp,234461654,1,27/12/2023 06:21:59,27/12/2023 06:31:52,"You want me to assess a series of online reviews and pictures, rating them based on the positive or negative feelings they may evoke









",5,4,3,5,7,6,6,1,5,5,5,6,6,3,3,1,3,6,4,1,Male,21-39,College,$50k-$100k,Black,Slight liberal,Neutral
cdp,234461720,2,27/12/2023 06:27:36,27/12/2023 06:35:44,The task is to look at online reviews and determine whether they make me feel positive or negative. I have to rate my feelings based on a scale provided.,7,5,7,6,7,4,7,1,7,7,6,5,7,3,3,1,7,7,7,1,Female,21-39,College,<$50k,Prefer not to say,Strong liberal,Moderately full
cdp,234461942,3,27/12/2023 06:38:35,27/12/2023 06:45:50,"After being exposed to an online review, determine if this creates a negative/positive feeling or connotation. Then rate the review or image, based on how positive or negative they make me feel. ",7,5,5,3,6,3,6,1,7,5,5,5,6,5,4,1,4,6,3,1,Male,Below 21,High school,>$100k,East Asian,Strong liberal,Neutral
cdp,234461967,4,27/12/2023 06:39:31,27/12/2023 06:50:54,"I am to make a judgement on pictures that I will see, I will provide feedback on how they make me feel in terms of Negative vs Positive. If a picture gives me a positive emotion I am to check an answer on the right side, if the picture gives me the opposite reaction an negative reaction I am to check my answer to the left. There will be 7 choices I can mark as my answer.  If I feel neither Positive nor Negative emotions towards a picture, I will make sure to answer in the middle. ",7,7,3,3,7,6,4,1,7,6,6,6,7,6,6,1,7,5,3,1,Male,Above 39,High school,<$50k,Others,Strong conservative,Somewhat full
cdp,234462107,5,27/12/2023 06:50:47,27/12/2023 06:59:06,"I will be reviewing some online review on pictures, if the review are positive or negative  based on my thought, then i should rate the review from 1 to 7.",6,4,5,5,6,5,5,1,5,5,5,4,6,5,4,1,6,4,4,0,Male,Above 39,Graduate,$50k-$100k,White,Moderate liberal,Moderately full
cdp,234461913,6,27/12/2023 06:32:55,27/12/2023 07:02:05,"Rating reviews as how positive or negative they make me feel. Pick either side of the choices to mark my answer. My first response is good enough but I shouldn't take that much time, cause... no.",6,4,6,3,3,6,6,1,6,3,3,4,5,5,2,1,6,5,4,1,Male,21-39,College,$50k-$100k,Black,Strong liberal,Very full
cdp,234462384,7,27/12/2023 07:03:43,27/12/2023 07:08:31,"I have to choose whether I feel positive, negative, or neutral depending on the online reviews and pictures. If it's positive, choose the right side. If it's negative, choose the left side. If it's neutral, choose the middle.",7,3,6,3,7,5,6,1,3,6,7,5,7,5,2,1,5,6,4,1,Female,21-39,High school,<$50k,Others,Moderate liberal,Moderately full
cdp,234462443,8,27/12/2023 07:03:45,27/12/2023 07:13:14,"We will view online reviews and pictures and rate if it makes us feel positive, negative or if we're neutral.",3,4,6,5,4,4,5,1,4,4,7,5,6,3,5,1,6,4,4,1,Female,21-39,High school,$50k-$100k,East Asian,Moderate liberal,Somewhat hungry
cdp,234462381,9,27/12/2023 07:02:20,27/12/2023 07:13:32,"I need to choose how positive or negative a picture makes me feel using a scale of 1-7, with 1 being very negative and 7 very positive",6,5,4,4,6,5,4,1,6,6,5,6,6,5,4,1,5,5,4,1,Female,Above 39,College,$50k-$100k,White,Moderate liberal,Very full
cdp,234462256,10,27/12/2023 06:54:35,27/12/2023 07:19:33,"The task is to provide my perspective on the feelings pictures  and online reviews arouse. Right hand side for positive, left hand side for negative and middle for neutral.",4,5,5,3,4,5,6,1,6,7,6,6,7,3,5,1,7,6,6,1,Female,Above 39,Graduate,>$100k,Black,Moderate conservative,Somewhat full
cdp,234462519,11,27/12/2023 07:06:52,27/12/2023 07:22:22,"If the picture make me feel happy, I can mark it to the right up to 7 if i am completely satisfied or gives me good mood. If it made me feel sad i can mark it to the left side of me, but if i am neutral about my feelings towards what i see i can mark it in the middle.",3,6,7,5,7,7,3,1,7,7,5,4,6,5,4,1,4,4,7,1,Female,Above 39,Prefer not to say,Prefer not to say,Prefer not to say,Neutral,Somewhat hungry
cdp,234462595,12,27/12/2023 07:13:24,27/12/2023 07:23:09,"Review a series of pictures / reviews, and rate how positive or negative they make me feel. The right side of the scale is positive, and the left side is for negative feelings. Middle is neutral.",7,6,6,3,7,6,6,1,7,6,7,6,7,5,5,1,7,6,7,1,Female,Above 39,Junior college,>$100k,White,Moderate liberal,Very full
cdp,234462807,13,27/12/2023 07:24:50,27/12/2023 07:28:36,Rate a series of reviews or pictures based on how negative or postive they make you feel. ,7,3,7,4,7,6,6,1,7,7,6,5,7,5,6,1,5,5,5,1,Male,21-39,College,>$100k,White,Slight conservative,Neutral
cdp,234462810,14,27/12/2023 07:24:33,27/12/2023 07:32:04,"Rate online reviews and pictures based on how they make me feel. The right side is for positive feelings, and the left side is for negative feelings.",5,4,2,3,7,4,5,1,7,4,6,4,5,4,5,1,5,3,3,1,Male,21-39,High school,$50k-$100k,White,Slight conservative,Somewhat hungry
cdp,234462732,15,27/12/2023 07:16:05,27/12/2023 07:46:46,I will see online reviews and pictures.  I will have to choose from 1-7 to show whether I have a positive or a negative feeling overall.  I will choose 4 I don't feel either way.,7,6,4,5,6,4,5,1,6,6,6,6,7,4,7,1,6,5,5,1,Male,Above 39,Junior college,$50k-$100k,White,Slight liberal,Neutral
cdp,234463014,16,27/12/2023 07:32:15,27/12/2023 07:47:10,"I am being asked to rate several reviews and photos and let the researcher/s know if they make me feel positive, negative, or neutral. I am being asked to choose between the right side for positive, the left side for negative, or the middle area for neutral feelings.",7,5,3,5,7,6,5,1,6,5,7,6,7,4,7,1,7,6,6,1,Female,Above 39,College,$50k-$100k,White,Slight liberal,Somewhat hungry
cdp,234463391,17,27/12/2023 07:16:34,27/12/2023 07:54:34,"I'm to look at a series of online reviews and pictures and think about how positive or negative they make me feel. If they make me feel positive or negative, I indicate accordingly. ",6,4,7,2,7,5,7,1,6,6,7,7,4,2,6,1,7,5,7,1,Male,21-39,College,<$50k,East Asian,Slight liberal,Neutral
cdp,234463274,18,27/12/2023 07:45:23,27/12/2023 07:54:44,rate a series of online reviews and pictures in terms of how positive or negative they make you feel,6,5,5,5,5,6,5,1,7,5,6,5,7,3,3,1,6,5,4,0,Male,21-39,Graduate,$50k-$100k,White,Strong conservative,Moderately full
cdp,234463364,19,27/12/2023 07:50:24,27/12/2023 07:56:16,"Rate a series of reviews and pictures in terms of negative or positive feelings, select right or left choices to indicate positive or negative feelings. ",4,3,5,5,3,5,3,1,4,5,5,5,3,5,1,1,4,5,5,1,Male,21-39,Graduate,>$100k,White,Strong liberal,Very full
cdp,234463464,20,27/12/2023 07:54:36,27/12/2023 08:03:09,This task includes rating both online reviews and pictures. I am expected to rate them on how negative or positive they make me feel.,5,4,1,5,4,5,4,1,5,4,3,6,6,3,3,1,4,4,2,1,Female,21-39,Junior college,<$50k,White,Neutral,Neutral
cdp,234463622,21,27/12/2023 08:00:54,27/12/2023 08:05:07,I will be rating online reviews on how they make me feel. Either if it made me get positive or negative. I can also  mark the center to indicate  I felt neither,7,6,5,5,6,3,6,1,7,3,6,6,7,6,2,1,7,5,2,1,Male,21-39,College,<$50k,White,Moderate liberal,Neutral
cdp,234463546,22,27/12/2023 07:58:28,27/12/2023 08:05:53,"In this study, we're exploring how online reviews and pictures impact people's emotions. Respondents are asked to rate each item on a scale ranging from positive to negative feelings or neutrality.",6,6,4,6,4,5,4,1,6,6,5,5,6,5,4,1,4,5,5,1,Male,Above 39,Graduate,$50k-$100k,Black,Slight liberal,Very hungry
cdp,234463699,23,27/12/2023 08:02:58,27/12/2023 08:13:17,"In this study, I will be rating online reviews and pictures based on how they make me feel. I will use a scale with seven choices, ranging from very negative to very positive, with a neutral option in the middle. There are no right or wrong answers, and my unique perspective is valued.",7,4,6,6,5,5,5,1,7,6,6,6,6,5,4,1,7,3,6,1,Female,21-39,College,>$100k,South Asian,Strong liberal,Somewhat hungry
cdp,234463675,24,27/12/2023 07:53:26,27/12/2023 08:16:15,"The task is deciding whether groups of pictures invoke positive or negative feelings. the right are positive , and left negative, while the middle is neutral. ",6,6,3,5,6,6,5,1,6,4,6,6,5,4,4,1,5,4,4,1,Female,Above 39,High school,$50k-$100k,White,Slight conservative,Neutral
cdp,234463862,25,27/12/2023 07:41:52,27/12/2023 08:19:09,I will describe how online reviews and pictures make me feel by saying if it creates a positive feeling or a negative one. ,7,6,1,5,7,6,7,1,7,6,7,6,7,6,7,1,7,6,7,1,Male,21-39,College,$50k-$100k,White,Slight conservative,Somewhat hungry
cdp,234464018,26,27/12/2023 08:21:48,27/12/2023 08:27:10,"the task is to rate a number of online reviews and pictures, about how it makes me feel, either positively or negatively or even neutral ",5,6,5,6,5,6,4,1,5,5,5,5,5,6,4,1,5,6,6,1,Male,21-39,Graduate,$50k-$100k,Black,Strong conservative,Somewhat hungry
cdm,234461270,1,27/12/2023 05:51:17,27/12/2023 05:57:03,"Basically, I look at a series of reviews and pictures and tell you how positive or negative they make me feel.",7,6,7,7,7,5,7,1,7,7,7,7,7,7,7,1,7,6,7,1,Male,Above 39,College,$50k-$100k,White,Strong liberal,Very hungry
cdm,234461460,2,27/12/2023 06:07:51,27/12/2023 06:12:59,"The task is to review pictures and assess how they make me feel in terms of positive and negative. There is a scale where positive feelings are on the right and negative feelings are on the left. Choose the middle for ""neutral"" feeling.",6,3,6,4,5,3,2,1,3,4,3,3,3,3,5,1,7,3,4,0,Others,21-39,Graduate,>$100k,White,Moderate liberal,Somewhat full
cdm,234461610,3,27/12/2023 06:19:54,27/12/2023 06:24:02,We're going to look at a number of online reviews and pictures and react with how we feel (whether negative or positive). ,6,5,4,5,6,4,5,1,5,5,6,5,7,4,5,1,5,4,5,1,Female,21-39,College,$50k-$100k,Multiracial,Slight liberal,Neutral
cdm,234461644,4,27/12/2023 06:20:16,27/12/2023 06:30:23,To rate online reviews and pictures how they make viewres feel. Positve and negative feelings are choices to make or neutral.,7,5,6,6,5,5,4,1,7,5,6,6,5,6,4,1,5,5,5,1,Male,Above 39,High school,<$50k,East Asian,Strong conservative,Somewhat hungry
cdm,234461807,5,27/12/2023 06:31:55,27/12/2023 06:38:13,I will rate a series of online reviews and pictures on how positive or negative it makes me feel on a scale with neutral being an option.,6,5,7,6,6,5,6,1,5,5,6,5,6,5,5,1,6,6,6,1,Male,Above 39,College,$50k-$100k,East Asian,Moderate liberal,Somewhat full
cdm,234461850,6,27/12/2023 06:34:18,27/12/2023 06:39:36,"To evaluate online reviews and pictures to see how I feel. I will need to use a scale sliding from both positive and negative indication of mood on a scale of 7 from the right, left, and middle.",6,4,7,5,5,3,7,1,6,6,7,5,6,7,4,1,6,3,6,1,Female,21-39,College,$50k-$100k,East Asian,Moderate liberal,Moderately hungry
cdm,234461857,7,27/12/2023 06:33:53,27/12/2023 06:40:55,"To give good explanation about the positive, negative, and natural feeling about a picture. Giving a good online review about some pictures.",6,3,3,5,7,5,6,1,5,5,5,4,4,3,5,1,7,6,2,1,Male,21-39,College,<$50k,Black,Neutral,Neutral
cdm,234461970,8,27/12/2023 06:42:56,27/12/2023 06:46:35,The task is reviewing a series of online reviews and rating if these reviews/pictures elicit negative or positive responses.,6,6,4,6,7,5,6,1,6,6,5,6,7,6,6,1,7,5,5,1,Female,21-39,College,>$100k,East Asian,Slight conservative,Somewhat full
cdm,234462023,9,27/12/2023 06:45:41,27/12/2023 06:50:37,"Participants are asked to rate a series of online reviews and pictures based on how they make them feel - specifically, how positive or negative they make them feel. Participants are asked to rate on a scale, where the middle of the scale indicates a neutral feeling.",3,4,5,3,4,4,6,1,2,5,3,4,3,5,3,1,3,4,5,1,Prefer not to say,21-39,College,<$50k,American Indian,Prefer not to say,Neutral
cdm,234461988,10,27/12/2023 06:43:10,27/12/2023 06:51:28,I will be asked to rate online reviews and pictures in how positive or negative they make me feel. The impact they create.,4,3,5,4,5,2,4,1,5,5,4,5,4,5,4,1,6,3,4,1,Male,21-39,College,$50k-$100k,White,Slight liberal,Neutral
cdm,234462079,11,27/12/2023 06:50:16,27/12/2023 06:57:24,I will review pictures and reviews and indicate to what degree they leave me with  positive or negative feeling.,4,5,2,5,6,5,5,1,6,6,4,5,3,5,3,1,4,5,3,1,Male,Above 39,Graduate,$50k-$100k,White,Moderate conservative,Very full
cdm,234462163,12,27/12/2023 06:53:06,27/12/2023 07:00:45,"I'll rate online reviews and pictures based on the feelings they evoke, using a 7-point scale:
Left side: Negative feelings (unhappy, sad, etc.)
Neutral: No strong feelings (positive or negative)
Right side: Positive feelings (happy, proud, etc.)",4,4,7,6,6,4,6,1,7,6,7,6,7,5,4,1,6,6,6,1,Female,Above 39,Graduate,$50k-$100k,Prefer not to say,Slight liberal,Neutral
cdm,234462260,13,27/12/2023 06:57:26,27/12/2023 07:04:33,I will see pictures and online reviews and rate them from 1 to 7 from negative to positive,7,5,7,7,7,4,7,1,7,7,7,5,7,7,7,1,7,7,6,1,Male,Above 39,High school,<$50k,White,Slight conservative,Somewhat full
cdm,234462159,14,27/12/2023 06:52:38,27/12/2023 07:06:41,If the pictures or reviews make you feel positive select the 7 choices to the right.  If the pictures or reviews make you feel negative select the 7 choices to the left.  Select the middle if you feel neutral.,3,5,4,3,4,3,5,1,5,3,3,3,4,3,4,1,3,3,5,1,Female,Above 39,Prefer not to say,Prefer not to say,Prefer not to say,Neutral,Somewhat full
cdm,234462280,15,27/12/2023 06:58:33,27/12/2023 07:09:26,I choose whether pictures and stuff make me feel happy sad or anywhere in between.,7,4,6,5,7,5,5,1,5,6,7,6,6,5,5,1,7,6,3,1,Female,Above 39,High school,<$50k,White,Slight liberal,Neutral
cdm,234462135,16,27/12/2023 06:51:24,27/12/2023 07:09:33,"Answer according to my first impression. If the review or picture makes me feel positive, select the right side. If it makes me feel negatives, select the left side. If I feel neutral, select the middle option.",7,5,1,5,7,4,6,1,6,6,5,6,6,6,7,1,7,4,3,1,Male,21-39,High school,<$50k,White,Strong conservative,Somewhat full
cdm,234462208,17,27/12/2023 06:48:31,27/12/2023 07:10:08,"There are not right or wrong answers in the study, just my opinion is required. I am to rate how positive or negative pictures and online reviews make me feel.",5,5,5,4,6,5,5,1,7,6,7,3,5,5,6,1,6,6,4,1,Prefer not to say,Above 39,Prefer not to say,>$100k,Black,Neutral,Neutral
cdm,234462398,18,27/12/2023 07:04:01,27/12/2023 07:10:12,I will need to look at some pictures or online reviews and say how they make me feel like (positive or negative).,4,6,4,5,6,5,2,1,7,6,3,6,6,6,3,1,5,5,5,1,Male,21-39,College,>$100k,White,Slight liberal,Somewhat hungry
cdm,234462428,19,27/12/2023 07:03:16,27/12/2023 07:11:01,"I have to review online pics, and determine whether they create a positive or negative feeling.
I have to choose a number on the left for a negative feeling and a number to the right for a positive feeling.",2,5,7,6,4,4,4,1,6,5,5,3,5,5,6,1,2,6,6,1,Male,21-39,Graduate,$50k-$100k,White,Slight liberal,Somewhat hungry
cdm,234462376,20,27/12/2023 07:02:38,27/12/2023 07:11:52,"Choose if an online review makes me feel good or bad, or nothing. i choose left, right or center to show my opinion",6,6,6,6,6,5,5,1,6,6,5,6,6,5,6,1,7,6,5,1,Male,21-39,Junior college,<$50k,White,Strong liberal,Somewhat hungry
cdm,234462446,21,27/12/2023 06:57:28,27/12/2023 07:14:16,I will be looking at reviews and rating them based on how they make me feel. If i have positive feelings I will choose the right of the 7 choices and the opposite when i have negative feelings on the review ,7,5,4,4,5,3,6,1,5,5,2,5,7,6,4,1,6,5,5,1,Female,21-39,College,$50k-$100k,Others,Moderate liberal,Moderately full
cdm,234462456,22,27/12/2023 07:04:38,27/12/2023 07:15:16,We are tasked with rating a series of images in terms of how positive or negative or neutral they make us feel.,6,3,6,3,5,3,7,1,7,5,6,5,6,5,6,1,7,3,7,1,Male,21-39,College,<$50k,White,Strong conservative,Somewhat full
cdm,234462514,23,27/12/2023 07:10:30,27/12/2023 07:17:27,I will be looking at pictures and reviews and choosing how negative or positive they make me feel on a 7 point scale.,4,6,5,4,4,4,4,1,5,4,1,4,2,4,2,1,3,4,4,1,Male,Above 39,College,$50k-$100k,White,Moderate liberal,Somewhat full
cdm,234462570,24,27/12/2023 07:11:39,27/12/2023 07:20:25,"I will view a series of online pictures in this study. Depending on how I react, positively or negatively, I will select the feelings associated with my reaction from either the right hand or left hand column. If i feel neutral towards the photo then I will select from the middle column.",6,6,7,7,7,6,4,1,7,6,4,6,7,5,6,1,6,5,6,1,Male,21-39,Junior college,$50k-$100k,American Indian,Slight liberal,Somewhat full
cdm,234462579,25,27/12/2023 07:09:51,27/12/2023 07:21:12,"I will be looking at online reviews and pictures, and rating how they make me feel. If I feel positively, I will choose the right side of the 7 choices. If I feel negatively, I will choose the left side of the 7 choices. If it's neutral, I choose the middle.",5,5,3,4,5,4,4,1,5,5,2,6,4,5,2,1,5,5,3,1,Female,21-39,College,<$50k,White,Strong liberal,Somewhat hungry
cdm,234462663,26,27/12/2023 07:17:27,27/12/2023 07:29:18,"The task is to assess online reviews and images, assigning them a level of emotional arousal. Indicate left for no arousal, middle for moderate, and right for high arousal.",6,6,5,5,6,6,6,1,6,5,5,5,6,6,6,1,5,7,6,1,Male,Above 39,Graduate,>$100k,Black,Strong conservative,Somewhat full
cdm,234462821,27,27/12/2023 07:22:04,27/12/2023 07:32:59,I have to rate a series of pictures and reviews.  I have to rate if the feeling is positive (choosing the right side of the 7 choices) or negative (and choose the left side of the 7 choices).  I have to choose the middle if the feeling in neutral.,4,3,6,4,6,4,6,1,5,6,6,6,7,6,3,1,6,5,5,1,Female,Above 39,College,$50k-$100k,White,Moderate liberal,Somewhat full
cdm,234462847,28,27/12/2023 07:18:01,27/12/2023 07:34:49,"I am to review how online pictures make me feel. Also if it creates a positive feeling, I am to choose the right side of the 7 choices. If it also makes me feel negative, I am to choose the left side of the 7 choices. Then if I feel neutral, I should choose the middle of 7.",7,6,5,6,7,5,7,1,7,6,4,6,7,4,6,1,7,6,4,0,Female,21-39,Graduate,<$50k,Black,Strong conservative,Somewhat full
cdm,234462969,29,27/12/2023 07:32:54,27/12/2023 07:38:12,Rating pictures or reviews on how they make us feel. If positive we would rate between 4-7 and 1-3 for negative ratings. ,6,5,2,4,6,5,2,1,7,3,2,5,6,6,5,1,7,5,5,1,Male,21-39,College,<$50k,White,Strong liberal,Neutral
cdm,234463001,30,27/12/2023 07:34:34,27/12/2023 07:38:45,A series of online reviews and pictures is presented and how positive or negative they make you feel will be gauged.,4,5,7,6,6,4,3,0,6,5,6,6,5,4,3,1,4,3,5,1,Male,21-39,College,>$100k,White,Moderate liberal,Somewhat full
cdm,234462854,31,27/12/2023 07:25:44,27/12/2023 07:39:12,"The purpose of the study is to gather data on how online reviews and pictures make consumers feel. Choose the left of seven choices to indicate negative feelings, the middle of seven choices to indicate neutral feelings, and the right of seven choices to indicate positive feelings.",7,6,6,6,6,5,4,1,6,6,6,5,7,5,4,1,6,5,5,1,Male,21-39,High school,$50k-$100k,White,Neutral,Somewhat full
cdm,234462990,32,27/12/2023 07:33:21,27/12/2023 07:41:01,"In this task, I will read online reviews that are accompanied by pictures, then I'll indicate whether and how negative and positive it makes me feel.",5,3,4,5,4,5,5,1,6,4,4,5,5,5,5,1,5,4,2,1,Male,21-39,College,<$50k,White,Neutral,Moderately full
cdm,234463377,33,27/12/2023 07:48:13,27/12/2023 08:00:09,Questions will be asked on ones feeling whether positive or negative about pictures. Series of pictures will be displayed for me to make indicate my feelings about the pictures.,7,7,6,4,7,7,4,1,7,5,6,5,7,6,4,1,7,5,5,1,Female,21-39,Graduate,$50k-$100k,Black,Strong liberal,Somewhat hungry
cdm,234463494,34,27/12/2023 07:56:33,27/12/2023 08:04:27,I will rate a series of online reviews and pictures in terms of how positive or negative they make me feel. Do not take too long and the first response is fine.,3,6,6,6,4,3,3,1,4,4,5,6,3,6,3,1,6,6,5,1,Female,21-39,College,$50k-$100k,South Asian,Slight liberal,Somewhat hungry
cdm,234463523,35,27/12/2023 07:56:48,27/12/2023 08:07:17,"This study has to do with rating online reviews and pictures based on the emotions they portray. Respondents are asked to indicate if the content shows positive, negative, or neutral feelings.",6,6,4,6,6,6,5,1,5,5,5,5,4,5,5,1,4,6,4,1,Male,Prefer not to say,Graduate,$50k-$100k,Black,Slight liberal,Very hungry
cdm,234463694,36,27/12/2023 08:01:06,27/12/2023 08:14:14,"My task is to decide whether online reviews and photos make me feel negative, positive, or neutral. Positive feelings are on the right side, negative feelings are on the right, and neutral feelings are in the middle.",4,4,3,4,6,4,4,1,7,5,6,4,5,3,3,1,5,3,4,1,Female,Above 39,High school,<$50k,White,Moderate liberal,Somewhat hungry
o,234461355,1,27/12/2023 05:59:45,27/12/2023 06:07:14,"This study wants me to rate online reviews and pictures based on how they make me feel. I'll be asked to indicate if the content makes me feel positive, negative, or neutral. If positive, choose words like happy or content. If negative, select words like upset or angry. If neither, choose the neutral option. The aim is to understand how these reviews and pictures influence emotions.",4,4,7,4,4,5,5,1,4,4,5,6,7,5,3,1,7,3,5,1,Female,21-39,College,$50k-$100k,White,Prefer not to say,Neutral
o,234461508,2,27/12/2023 06:07:12,27/12/2023 06:37:48,"In this study, I am basically asked to rate online reviews and pictures based on how they make me feel, whether positive, negative, or neutral. I can use the provided choices to mark my answers.",7,7,6,6,7,6,7,1,7,7,7,7,7,6,7,1,7,7,7,1,Female,Above 39,Others,>$100k,Black,Moderate liberal,Neutral
o,234461860,3,27/12/2023 06:36:16,27/12/2023 06:39:20,I will be rating if online reviews or pictures give me a positive or negative feeling.,6,5,5,5,4,3,4,1,4,4,4,4,6,5,3,1,5,4,5,1,Female,21-39,College,<$50k,East Asian,Slight liberal,Neutral
o,234461920,4,27/12/2023 06:40:00,27/12/2023 06:45:33,I will see online pictures and reviews and rate how positive or negative they make me feel when I see them.,6,5,7,4,6,5,5,1,4,5,6,4,7,5,3,1,5,5,3,1,Female,21-39,College,$50k-$100k,East Asian,Strong liberal,Somewhat full
o,234461914,5,27/12/2023 06:36:32,27/12/2023 06:48:39,This study is all about my perspective about online review,7,5,7,7,7,2,5,1,4,3,5,5,5,3,7,1,5,7,1,0,Female,Above 39,Graduate,$50k-$100k,White,Slight liberal,Somewhat hungry
o,234461937,6,27/12/2023 06:37:16,27/12/2023 06:50:33,"I will be viewing online review and pictures and I will report on if they make me feel positive, negative or neutral.",6,6,4,6,7,6,6,1,6,6,5,6,6,6,5,1,3,6,5,1,Female,21-39,Graduate,$50k-$100k,Black,Moderate liberal,Neutral
o,234462064,7,27/12/2023 06:47:44,27/12/2023 06:58:40,Rate a series of pictures and will be asked how we/I feel about the picture good bad or indifferent just give a point of view of how it makes you feel.,5,6,5,5,6,5,5,1,4,4,5,5,6,6,6,1,7,5,5,1,Male,Above 39,College,<$50k,White,Neutral,Somewhat hungry
o,234462140,8,27/12/2023 06:49:00,27/12/2023 07:01:05,"I will need to read wither reviews or watch pictures. I'll need to rate my responses to them. Positive response include feeling of happy, content, satisfaction, pride, delight.
Negative feeling as an outcome present unhappiness, upset, irritability, anger, sadness, depression and the likes. Neutral response means neutrality.",2,5,7,6,2,5,6,1,5,6,7,6,7,6,3,1,4,6,7,1,Female,Above 39,Graduate,$50k-$100k,White,Strong liberal,Moderately full
o,234462190,9,27/12/2023 06:54:09,27/12/2023 07:02:26,"The task requests users to look at online reviews and pictures and rate them based on what feelings are evoked. Depending on what impression (positive/negative) is evoked, we the users should choose the choice closest to what we first feel (positive or negative). If neutral or no general impression (positive/negative), we should select middle choice. ",6,3,5,5,7,3,4,1,6,5,5,6,5,5,3,1,4,4,4,1,Female,21-39,College,$50k-$100k,East Asian,Moderate liberal,Somewhat hungry
o,234462318,11,27/12/2023 07:01:21,27/12/2023 07:06:04,Rate online reviews/photos positively or negatively based on feelings. No right or wrong answers ,2,5,6,2,4,4,4,1,4,6,4,6,5,6,1,1,3,7,3,1,Female,21-39,Graduate,$50k-$100k,South Asian,Strong liberal,Moderately full
o,234462364,12,27/12/2023 07:02:30,27/12/2023 07:11:29,"To look at pictures and see how they make me feel, don't dwell on any my first response will be good. Respond either I have a negative feeling or positive feeling describing them.",6,5,3,6,7,4,5,1,5,4,4,6,6,4,6,1,4,6,6,1,Female,Above 39,High school,<$50k,White,Moderate conservative,Somewhat full
o,234462478,13,27/12/2023 07:06:32,27/12/2023 07:13:50,"After reading the review and viewing images, I need to respond how it makes me feel. I can respond if it is positive or makes me feel positive or negative if it makes me negative, or neutral if neither feels right.",6,5,5,4,6,4,4,1,5,5,5,5,6,5,4,1,6,3,6,1,Others,21-39,College,<$50k,White,Strong liberal,Somewhat hungry
o,234462506,14,27/12/2023 07:09:36,27/12/2023 07:23:11,The task involve knowing how reviews online makes people feel whether positively or negatively.,7,7,5,4,7,4,6,1,7,2,4,5,7,3,4,1,6,5,1,1,Male,21-39,Graduate,<$50k,White,Moderate conservative,Neutral
o,234462747,15,27/12/2023 07:21:19,27/12/2023 07:25:59,"This study aims to understand how online reviews and pictures affect people's emotions. Participants are asked to rate these materials based on the positive, negative, or neutral feelings they evoke. There are no right or wrong answers, and individual perspectives are valued.",5,5,4,4,5,3,5,0,6,3,4,3,4,4,4,1,4,5,3,1,Female,21-39,Graduate,$50k-$100k,White,Neutral,Neutral
o,234462823,16,27/12/2023 07:25:07,27/12/2023 07:30:20,I will rate a series of online reviews and pictures and see whether they make me feel positive or negative.,5,6,5,3,7,5,6,1,7,5,5,3,6,6,6,1,4,5,7,1,Male,21-39,College,<$50k,South Asian,Slight conservative,Somewhat hungry
o,234462887,17,27/12/2023 07:29:22,27/12/2023 07:33:27,We're going to be shown a number of pictures and online reviews. From there we have to tell whether it brings forth positive or negative feelings overall. ,6,3,6,4,4,5,5,1,5,3,4,5,5,5,4,1,5,6,6,1,Male,21-39,College,$50k-$100k,Multiracial,Moderate liberal,Somewhat full
o,234462705,18,27/12/2023 07:19:51,27/12/2023 07:35:39,"This study explores how online reviews and pictures influence emotions. Respondents are asked to rate items based on the positive, negative, or neutral feelings they evoke.





",5,4,5,5,5,4,5,1,5,5,5,5,7,5,5,1,5,5,5,0,Male,21-39,College,>$100k,Black,Strong liberal,Somewhat full
o,234463030,19,27/12/2023 07:33:28,27/12/2023 07:40:50,The task will be for me to rate online reviews and pictures and to mark how positive or negative they make me feel. ,5,6,7,5,7,5,5,1,7,5,7,5,5,6,6,1,6,6,5,1,Female,Above 39,College,$50k-$100k,East Asian,Moderate liberal,Somewhat hungry
o,234463271,20,27/12/2023 07:45:38,27/12/2023 07:53:12,I will look at a series of online reviews and pictures and rate whether it made me feel positive or negative and rate how much positivity or negativity. ,6,5,5,5,5,5,6,1,7,5,6,5,5,5,4,1,6,5,3,1,Female,Above 39,High school,<$50k,East Asian,Slight liberal,Somewhat full
o,234463217,21,27/12/2023 07:35:46,27/12/2023 07:54:51,"I will be rating online reviews and pictures based on how they make me feel—positive, negative, or neutral. No right or wrong answers; it's about my unique perspective.",5,4,7,3,6,4,3,1,6,5,6,5,6,5,6,1,7,5,5,1,Male,21-39,High school,<$50k,Black,Neutral,Moderately full
o,234463516,22,27/12/2023 07:57:06,27/12/2023 08:00:18,"Rate a few reviews and pictures in terms of how negative or positive they make me feel. Then select among a list of choices, ranging from very negative to neutral to very positive.",5,4,3,4,7,4,4,1,6,4,5,5,4,4,4,1,5,4,4,1,Male,21-39,College,>$100k,Black,Moderate conservative,Neutral
o,234463661,23,27/12/2023 08:01:31,27/12/2023 08:07:04,"We have to indiciate whether an online review or picture either invokes a positive, negative, or neutral feeling.",7,6,7,4,6,5,6,1,6,5,6,5,6,6,5,1,7,5,4,1,Male,21-39,College,<$50k,East Asian,Slight liberal,Somewhat full
o,234463680,24,27/12/2023 07:58:13,27/12/2023 08:09:23,"In this study, I will rate a series of online reviews and pictures. I will rate them on how positive and negative they make me feel. I will use choices in my answer to indicate whether or not the content made me feel positive, neutral, or negative.
In short, I'll rate photos and reviews and add how they make me feel in my rating responses. ",6,5,4,5,7,5,6,1,7,4,4,4,6,7,4,1,6,3,4,1,Female,21-39,High school,<$50k,White,Moderate liberal,Somewhat full
o,234463840,25,27/12/2023 08:10:31,27/12/2023 08:21:32,"the task is simply to rate review online pictures and describe how each picture makes u feel, thus if it makes you feel happy, sad or neutral",5,6,5,5,7,3,6,1,7,5,5,6,6,5,2,1,6,5,5,1,Male,Above 39,Graduate,>$100k,Black,Moderate liberal,Somewhat full
tdp,234461662,1,27/12/2023 06:22:38,27/12/2023 06:31:51,how people feel when they see online reviews and pictures,7,6,4,7,6,5,4,1,7,6,4,6,6,7,4,1,7,5,4,1,Male,Above 39,College,<$50k,Black,Strong conservative,Neutral
tdp,234461790,2,27/12/2023 06:31:06,27/12/2023 06:38:18,"As a participant, I have to rate online reviews and pictures on how positive or negative they make me feel. The most positive rating is the right side of the 7 choices, while the left side is a negative feeling. ",1,4,7,4,7,4,7,1,5,4,7,4,6,4,3,1,1,4,6,1,Female,21-39,College,>$100k,Others,Neutral,Moderately full
tdp,234461820,3,27/12/2023 06:32:09,27/12/2023 06:41:34,"rate pictures and reviews as positive, negative, or neutral in how they affect you by clicking left, right or center depending on the feeling.",3,5,2,5,2,4,3,1,3,5,5,5,6,5,3,1,5,4,2,1,Female,Above 39,College,<$50k,White,Slight conservative,Very hungry
tdp,234461867,4,27/12/2023 06:34:43,27/12/2023 06:44:05,I am required to read some reviews and then choose how they make me feel; either positive or negative from a scale and the middle for a neutral feeling.,7,6,7,7,7,3,7,1,7,7,6,7,7,5,7,1,7,7,7,1,Female,21-39,Others,$50k-$100k,Black,Moderate liberal,Moderately full
tdp,234461955,5,27/12/2023 06:39:08,27/12/2023 06:48:17,"Read and rate online reviews and pictures by choosing from 7 choices on the right for positive feelings, 7 choices on the left for negative feelings and the middle of 7 choices for neutral feelings.",5,5,4,5,6,5,5,1,5,6,6,6,6,6,4,1,6,6,5,1,Male,Above 39,College,$50k-$100k,East Asian,Neutral,Somewhat hungry
tdp,234462129,6,27/12/2023 06:52:55,27/12/2023 06:58:47,"The task involves first taking a look at a series of online reviews and pictures, then briefly rating how positively or negatively they make you feel",4,4,4,5,6,4,5,1,5,4,7,6,5,4,6,1,6,4,5,1,Male,Above 39,College,$50k-$100k,White,Strong liberal,Somewhat hungry
tdp,234462230,7,27/12/2023 06:57:25,27/12/2023 07:03:04,"When I see a picture and if I get a positive feeling about it then choose a an answer from the right, if negative feeling occurs, then choose from the left. If neither, then choose neutral. ",6,6,4,5,6,5,6,1,6,5,4,4,5,5,5,1,5,4,4,1,Female,Above 39,College,$50k-$100k,White,Moderate conservative,Somewhat hungry
tdp,234462224,8,27/12/2023 06:56:23,27/12/2023 07:03:47,"When I look at the online review and pictures, if I feel positive about the review or picture I should rate it on the right 7 choices, and if I feel negative, I should rate it along the left 7 choices. If neutral feeling, then choose the middle.",5,6,1,6,6,5,5,1,7,6,2,7,6,6,3,1,5,6,3,1,Female,Above 39,College,<$50k,White,Moderate conservative,Neutral
tdp,234462368,9,27/12/2023 07:03:31,27/12/2023 07:06:40,"I'll see a bunch of online reviews and pictures and rate how positive or negative I feel about them. 7 for neutral, to the right of 7 for positive, and to the left of 7 for negative.",6,5,7,5,7,5,7,1,5,6,7,5,7,5,6,1,3,5,6,1,Male,21-39,College,<$50k,East Asian,Strong liberal,Moderately hungry
tdp,234462307,10,27/12/2023 07:00:24,27/12/2023 07:06:48,"In this task the participant must make a choice as to whether or not the reviews and pictures seen give a positive or negative feeling. There are 7 choices. The fourth choice indicates a neutral disposition to the content shown. Regardless of your personal choice, there are no wrong answers.",6,6,2,5,7,7,7,1,7,5,7,4,3,4,7,1,4,5,3,1,Male,21-39,High school,<$50k,Multiracial,Strong liberal,Somewhat hungry
tdp,234462701,11,27/12/2023 07:18:56,27/12/2023 07:23:31,"I will rate some online reviews and pictures based on how positive or negative I feel after viewing them. If I have a positive feeling such as happiness or satisfaction, I should give a more positive rating. If I feel unhappy or irritated, I should give a more negative rating.",5,4,6,4,3,3,5,1,5,5,4,5,5,5,4,1,4,5,5,1,Male,21-39,College,$50k-$100k,East Asian,Slight liberal,Somewhat hungry
tdp,234462692,12,27/12/2023 07:17:51,27/12/2023 07:24:01,This study is trying to understand how pictures and reviews evoke feelings in the individual perceiving it. Whether one feels negatively or positively towards it. ,6,4,7,5,7,5,6,1,7,5,6,5,7,5,5,1,7,5,6,1,Female,21-39,College,>$100k,East Asian,Neutral,Somewhat hungry
tdp,234462750,13,27/12/2023 07:20:55,27/12/2023 07:27:20,I will be looking at pictures and reading reviews. The task is to determine whether or not the image and reviews make me feel positive or negative. There will be a scale that goes from 1 to 7 with the left side being negative and the right side being positive. ,4,6,4,5,4,5,4,1,6,5,5,5,5,5,1,1,6,5,4,1,Female,Above 39,College,>$100k,Black,Neutral,Somewhat full
tdp,234462532,14,27/12/2023 07:08:38,27/12/2023 07:33:46,The task is all about viewing online pictures and rating how positive or negative you feel about the pictures shown to you,7,6,6,6,7,6,7,1,7,6,6,7,6,6,5,1,7,7,6,0,Female,Above 39,Others,>$100k,Black,Strong conservative,Very full
tdp,234462975,15,27/12/2023 07:33:09,27/12/2023 07:41:28,"This study examines how online reviews and pictures influence individual emotions. Participants are asked to rate the positivity, negativity, or neutrality of their emotional responses.





",4,5,5,5,5,5,4,1,5,6,5,5,5,4,5,1,5,5,5,1,Male,Above 39,Graduate,>$100k,White,Strong liberal,Neutral
tdp,234463118,16,27/12/2023 07:38:48,27/12/2023 07:44:31,To rate a series of online reviews and pictures in terms of how positive or negative they make you feel.,6,4,1,5,5,3,5,1,4,4,4,4,4,3,5,1,3,2,3,1,Male,Above 39,Graduate,$50k-$100k,White,Neutral,Neutral
tdp,234463145,17,27/12/2023 07:39:24,27/12/2023 07:45:31,I am to rate a series of online reviews in terms of how positive or negative they make me feel by choosing out of a 7 point scale to mark my answer.,7,5,5,6,7,2,2,1,7,6,4,6,3,2,1,1,7,5,2,1,Male,Above 39,Graduate,>$100k,White,Moderate liberal,Very full
tdp,234463035,18,27/12/2023 07:31:32,27/12/2023 07:47:23,"I am to rate a series of online reviews and pictures by marking answers according to how it makes me feel, either positive, neutral or negative. ",6,5,2,4,7,4,5,1,6,5,3,6,6,6,1,1,5,5,1,1,Female,Above 39,Junior college,$50k-$100k,White,Slight conservative,Somewhat hungry
tdp,234463175,19,27/12/2023 07:38:49,27/12/2023 07:53:27,in this study i am to use online reviews and pictures and how positive or negative they are. and how i feel about each either satisfied competent or upset unhappy,5,3,5,4,6,5,4,1,4,3,5,5,6,3,3,1,7,6,5,1,Male,Above 39,Graduate,$50k-$100k,Black,Moderate liberal,Somewhat full
tdp,234463137,20,27/12/2023 07:38:46,27/12/2023 07:55:33,"The study is for me to assess online reviews and images, assigning them a level of emotional arousal. and I am to click left for no arousal, middle for moderate, and right for high arousal.",6,6,7,6,6,4,6,1,6,4,6,4,7,5,5,1,7,6,5,1,Female,Above 39,Graduate,>$100k,Black,Strong conservative,Moderately full
tdp,234463183,21,27/12/2023 07:37:30,27/12/2023 07:57:01,The task is all about reviewing online pictures and telling if the pictures creates positive or negative feelings by choosing on a scale of 0 to 7 .,7,7,7,7,7,6,7,1,7,7,7,7,7,6,6,1,7,7,5,1,Male,Above 39,Graduate,$50k-$100k,Black,Strong conservative,Moderately full
tdp,234463477,22,27/12/2023 07:49:54,27/12/2023 08:04:09,I will read a series of online reviews and pictures. I will rate on how positive or negative they are making me feel. I will rate the reviews on a scale of one to seven. 7 being the most positive feeling that I get,5,3,5,3,5,4,5,1,4,5,6,5,4,4,5,1,3,4,6,1,Male,Above 39,Graduate,<$50k,White,Slight conservative,Somewhat hungry
tdp,234463502,23,27/12/2023 07:54:58,27/12/2023 08:06:50,I am to rate online reviews and pictures. Click to the right if I get a positive feeling from the statement or picture. Click to the left if I get a negative feeling from the statement or picture.,7,6,5,6,7,6,5,1,7,6,6,6,7,6,4,1,6,6,5,1,Female,Above 39,College,<$50k,White,Strong conservative,Somewhat full
tdp,234463683,24,27/12/2023 08:02:46,27/12/2023 08:08:41,This study explores how online reviews and pictures evoke feelings. I should it rate positivity/negativity. No right/wrong answers. ,5,6,6,5,4,6,5,1,4,6,6,6,5,5,4,1,6,6,6,1,Male,21-39,Graduate,$50k-$100k,Black,Strong conservative,Neutral
tdp,234469403,25,27/12/2023 11:09:59,27/12/2023 11:15:19,the task is to rate a series of reviews and pictures and determine if they are good or bad.,5,5,5,6,6,7,1,1,6,5,7,6,7,7,5,1,7,7,7,1,Male,21-39,College,<$50k,Black,Moderate liberal,Moderately full
tdm,234461308,1,27/12/2023 05:54:58,27/12/2023 05:59:47,"i am to view online reviews along with related pictures and give my opinion on how i feel towards each selection on a scale. negative feelings get rated towards the left, and positive feelings get rated towards the right",5,5,7,5,6,5,6,1,5,6,5,6,6,6,3,1,5,3,6,1,Others,21-39,High school,<$50k,White,Strong liberal,Moderately full
tdm,234461373,2,27/12/2023 06:00:39,27/12/2023 06:04:47,"I will be rating online reviews and pictures in terms of how positive and negative they make me feel. If it makes me feel positive, then I should choose the right side of the 7 choices. If it makes me feel negative, I will choose the left. If it makes me feel neutral, then I will choose the middle. ",3,5,5,6,3,5,4,1,3,6,5,5,5,5,2,1,5,5,5,1,Female,Below 21,High school,$50k-$100k,Others,Slight liberal,Somewhat hungry
tdm,234461388,3,27/12/2023 06:01:12,27/12/2023 06:10:06,Online reviews and pictures will be shown to me and I will have to rate on how positivly or negitivly I react to them. ,6,6,4,4,6,5,5,1,6,7,3,7,7,5,5,1,7,6,4,1,Female,21-39,College,<$50k,Others,Strong liberal,Neutral
tdm,234461671,4,27/12/2023 06:23:00,27/12/2023 06:31:22,"The task involves looking at and rating my reaction to various online reviews and pictures. I will rate my reaction on whether it is positive, such as happy, or negative, such as unhappy, on a scale including 7 options. The right side is positive and the left side is negative.",6,5,6,4,6,3,3,1,6,3,3,4,5,3,5,1,6,2,4,1,Female,21-39,College,<$50k,White,Strong liberal,Moderately full
tdm,234461775,5,27/12/2023 06:31:26,27/12/2023 06:36:20,"View a number of reviews and images then rate them based on positivity or negativity on a scale of 7, right being positive and left being negative. ",6,6,5,6,5,5,5,1,7,6,6,5,6,6,4,1,6,6,5,1,Male,Below 21,High school,<$50k,East Asian,Moderate liberal,Somewhat full
tdm,234461794,6,27/12/2023 06:31:49,27/12/2023 06:36:42,"Rate online reviews and pictures on how positive or negative they make you feel; if it makes you feel positive, choose the right side of the 7 choices, if it makes you feel negative, choose the left side, and if it doesn't make you feel anything, choose the middle.",6,6,5,6,6,6,5,1,7,6,6,6,6,6,6,1,7,6,5,1,Others,21-39,High school,<$50k,White,Strong liberal,Neutral
tdm,234461841,7,27/12/2023 06:34:40,27/12/2023 06:44:07,"Rate a series of online reviews and pictures based on how they make you feel—positive, negative, or neutral. No right or wrong answers; value your unique perspective.",4,6,6,6,6,4,4,1,7,4,5,6,4,6,3,1,4,5,5,1,Female,21-39,College,$50k-$100k,Black,Slight conservative,Neutral
tdm,234461805,8,27/12/2023 06:26:51,27/12/2023 06:47:07,"My task is to mark if an online review or a picture makes me feel negative or positive, I will select the choices on the right for positive and the choices on the left for negative and the middle for neutral.",7,6,1,5,5,4,6,1,6,6,5,5,6,6,5,1,7,4,4,1,Female,Above 39,High school,<$50k,White,Moderate liberal,Neutral
tdm,234461986,9,27/12/2023 06:42:10,27/12/2023 06:50:28,I will be exhibiting my thoughts on online reviews and pictures. I will be assessing whether a review creates a positive or negative feeling for me and will mark an emotion corresponding to my feelings.,6,6,7,6,6,5,6,1,6,5,4,6,6,6,5,1,5,6,2,1,Female,21-39,College,Prefer not to say,Others,Strong liberal,Somewhat hungry
tdm,234462063,10,27/12/2023 06:47:23,27/12/2023 06:54:48,Rate online reviews or pictures as being positive or negative on a rating scale depending on how I feel viewing them.,5,6,7,5,7,4,5,1,7,7,4,6,3,7,4,1,7,7,6,1,Male,Above 39,College,<$50k,White,Strong conservative,Very full
tdm,234462058,11,27/12/2023 06:48:08,27/12/2023 06:55:34,"Rate the online reviews and pictures based on how you truly feel, without spending too long. 7 is the indication for neutral",4,6,7,6,7,6,5,1,6,5,7,6,6,6,2,1,4,4,6,1,Male,Below 21,Junior college,>$100k,East Asian,Neutral,Somewhat hungry
tdm,234462169,12,27/12/2023 06:53:59,27/12/2023 07:02:01,I am being asked to rate reviews and pictures and say how they make me feel. I will rate them according to how they make me feel.,6,4,4,3,6,3,4,1,4,3,3,5,3,3,5,1,4,5,2,1,Female,Above 39,College,$50k-$100k,White,Neutral,Neutral
tdm,234462179,13,27/12/2023 06:47:39,27/12/2023 07:05:31,"In this study, they want to know how online reviews and pictures make people feel. I was asked to rate them in terms of how positive or negative they make me feel. They emphasize that there are no right or wrong answers and that they value my unique perspective in the study.",7,6,7,7,7,6,7,1,7,6,7,7,7,5,7,1,7,7,7,1,Female,Above 39,Others,>$100k,Black,Strong liberal,Neutral
tdm,234462284,14,27/12/2023 07:00:12,27/12/2023 07:08:49,"In this study, we're exploring how online reviews and pictures impact emotions. We will rate them on a scale, indicating positive, negative, or neutral feelings.",5,6,5,6,3,3,4,1,4,5,4,6,6,6,2,1,7,6,4,1,Male,21-39,Others,$50k-$100k,South Asian,Moderate liberal,Somewhat hungry
tdm,234462314,15,27/12/2023 07:00:12,27/12/2023 07:13:22,you want me to rate online reviews and pictures on a scale of positive and negative,6,6,6,6,6,6,6,1,6,5,6,4,5,5,5,1,6,4,6,1,Male,Above 39,Graduate,<$50k,Black,Slight conservative,Neutral
tdm,234462385,16,27/12/2023 07:04:31,27/12/2023 07:14:18,im supposed to rate reviews based on positive and negative feelings,6,6,6,6,6,4,5,1,5,6,5,6,5,5,5,1,6,5,6,1,Male,Above 39,Graduate,$50k-$100k,White,Neutral,Somewhat full
tdm,234462544,17,27/12/2023 07:11:50,27/12/2023 07:18:45,"The task is to look at a series of online reviews and pictures and rate them out of 7 based on how they make me feel, with the left side of the 7 choices meaning a negative feeling, middle of the 7 choices meaning a neutral feeling, and right side of the 7 choices meaning positive feeling.",6,5,6,5,6,4,4,1,6,5,5,5,6,5,4,1,7,5,4,1,Male,21-39,College,<$50k,East Asian,Slight liberal,Somewhat full
tdm,234462773,18,27/12/2023 07:22:35,27/12/2023 07:30:05,"So basically, you want me to rate online reviews and pictures based on how they make me feel, I'll keep in mind that there are no right or wrong answers and that my unique perspective is valued",7,5,6,6,6,5,6,1,7,6,6,6,7,5,5,0,7,6,5,1,Female,Above 39,College,>$100k,Black,Slight liberal,Moderately full
tdm,234462667,19,27/12/2023 07:17:17,27/12/2023 07:30:38,The study aims to understand how online reviews and pictures influence emotional arousal. Rate each item on a scale from calm to excited based on your feelings.,5,6,5,5,7,6,6,1,5,3,3,5,5,4,4,1,6,6,5,1,Male,21-39,Graduate,>$100k,Black,Moderate conservative,Neutral
tdm,234462860,20,27/12/2023 07:22:29,27/12/2023 07:33:09,The task is to read and view a series of online reviews and pictures and determine if they make you feel in a positive or negative way.,6,4,4,5,7,4,6,1,7,4,7,5,6,6,4,1,7,4,4,1,Male,21-39,College,<$50k,Black,Moderate liberal,Somewhat hungry
tdm,234462978,21,27/12/2023 07:32:55,27/12/2023 07:39:12,"i'll be shown a series of online reviews and phots, and then asked how they make me feel. positive ratings to the right, negative to the left, and neutral is middle choices",5,5,7,4,4,6,5,1,6,6,6,6,7,6,3,1,4,4,7,1,Female,Above 39,College,>$100k,White,Slight conservative,Moderately full
tdm,234462995,22,27/12/2023 07:30:24,27/12/2023 07:41:41,"Online reviews  and pictures will be shown to me and I need to decide if the review or picture creates a positive feeling or a negative feeling.  Choose the right side of the 7 choices for positive feelings and choose the left side of the 7 choices for negative feelings, and choose the middle of the 7 choices it you feel neutral to the picture of online review.",2,6,5,6,6,2,4,1,6,6,4,5,3,6,4,1,2,5,4,1,Female,Above 39,College,$50k-$100k,Hawaiian,Moderate liberal,Neutral
tdm,234463212,23,27/12/2023 07:39:58,27/12/2023 07:54:00,I'll rate a series of online reviews and pictures based on how positive or negative they make me feel using a 1-7 scale.,4,5,4,5,5,4,5,1,5,5,5,5,5,5,3,1,5,5,4,1,Male,21-39,High school,<$50k,White,Slight liberal,Somewhat hungry
tdm,234463334,24,27/12/2023 07:48:48,27/12/2023 07:56:47,"I am to rate different online reviews and pictures and how they make me feel. If they create a positive feeling, I choose the right side, negative feeling would choose the left side and a neutral feeling I would choose the middle side.",3,6,6,5,5,5,5,1,5,6,7,6,7,6,4,1,5,6,3,1,Female,21-39,College,$50k-$100k,East Asian,Moderate liberal,Moderately full
tdm,234463526,25,27/12/2023 07:57:01,27/12/2023 08:01:44,Examine images and reviews shown to me in order to gauge how postive or negative they make me feel. Scale goes from left (negative) to right (positive) with a neutral option in the middle. ,6,3,6,4,6,5,6,1,6,6,4,5,6,5,5,1,5,5,6,1,Male,21-39,College,$50k-$100k,Multiracial,Moderate liberal,Somewhat full
tdm,234463442,26,27/12/2023 07:53:09,27/12/2023 08:02:22,"Rate online reviews or pictures on a positive and negative scale with right being positive, the left being negative, and the center being neutral. ",3,5,4,6,4,6,5,1,5,5,3,5,4,6,4,1,2,5,3,1,Male,Above 39,High school,<$50k,White,Moderate liberal,Neutral
tdm,234463498,27,27/12/2023 07:54:44,27/12/2023 08:09:53,"I will be asked to rate if a review is positive or negative, by rating it through a 7 scale choice, which the left side signifies negative while the right side signifies positive",6,5,6,6,4,3,5,1,6,6,5,6,6,6,5,1,6,5,5,1,Male,Below 21,Graduate,$50k-$100k,Black,Slight conservative,Somewhat full
tdm,234463719,28,27/12/2023 08:04:35,27/12/2023 08:19:31,I will be asked to rate a series of online reviews and pictures in terms of how positive or negative they made me feel.,6,6,7,5,6,5,7,1,7,6,7,6,6,6,7,1,7,6,5,1,Male,21-39,Graduate,>$100k,Black,Slight liberal,Very hungry