﻿T,UserID,UserNo,Started,Ended,EV1_1,EV2_1,EV3_1,F1,F2,F3,EV1_2,EV2_2,EV3_2,EV1_3,EV2_3,EV3_3,Gender,Age,Education,Income,Race,Ideology,Satiety
L,235246535,1,12/1/24 1:45,12/1/24 1:49,3,2,3,3,3,3,3,3,3,1,1,1,Female,21-39,College,$50k-$100k,White,Strong liberal,Neutral
L,235246731,2,12/1/24 1:56,12/1/24 2:01,1,1,2,3,2,3,1,1,1,1,1,1,Female,21-39,Graduate,$50k-$100k,White,Slight liberal,Somewhat hungry
L,235246776,3,12/1/24 1:58,12/1/24 2:02,3,2,3,2,2,2,1,1,1,1,1,1,Female,21-39,High school,$50k-$100k,White,Strong liberal,Very full
L,235246801,4,12/1/24 1:59,12/1/24 2:02,4,3,3,2,2,2,4,3,4,1,1,2,Female,21-39,College,Prefer not to say,Others,Slight liberal,Moderately hungry
L,235246919,5,12/1/24 2:05,12/1/24 2:07,2,2,2,3,3,3,2,2,2,1,1,1,Male,21-39,Graduate,>$100k,White,Moderate liberal,Somewhat hungry
L,235247012,6,12/1/24 2:09,12/1/24 2:11,3,3,3,4,4,4,2,2,2,3,3,3,Female,21-39,College,$50k-$100k,East Asian,Moderate liberal,Moderately full
L,235246987,7,12/1/24 2:08,12/1/24 2:11,3,1,2,4,2,3,2,1,1,2,1,1,Female,21-39,College,$50k-$100k,White,Moderate liberal,Somewhat full
L,235246942,8,12/1/24 2:06,12/1/24 2:12,2,2,1,2,2,1,2,1,2,3,2,2,Female,Above 39,College,$50k-$100k,East Asian,Moderate liberal,Somewhat hungry
L,235247068,9,12/1/24 2:11,12/1/24 2:13,3,3,3,3,3,3,1,1,1,3,2,2,Male,21-39,College,$50k-$100k,East Asian,Strong liberal,Somewhat full
L,235247015,10,12/1/24 2:09,12/1/24 2:14,2,2,2,3,3,3,1,1,1,1,1,1,Female,21-39,Graduate,<$50k,White,Moderate liberal,Somewhat hungry
L,235247085,11,12/1/24 2:11,12/1/24 2:15,2,2,1,4,3,3,2,3,2,2,2,2,Female,21-39,Graduate,$50k-$100k,Multiracial,Strong liberal,Moderately full
L,235247163,12,12/1/24 2:15,12/1/24 2:17,1,2,2,3,2,2,1,2,1,3,3,2,Female,21-39,College,$50k-$100k,East Asian,Moderate liberal,Moderately hungry
L,235247133,13,12/1/24 2:14,12/1/24 2:18,3,3,3,3,2,1,2,2,2,2,2,1,Female,21-39,College,<$50k,East Asian,Slight liberal,Somewhat hungry
L,235247151,14,12/1/24 2:14,12/1/24 2:18,4,5,5,4,3,4,4,3,3,2,2,2,Female,Below 21,High school,>$100k,South Asian,Moderate conservative,Very hungry
L,235247150,15,12/1/24 2:14,12/1/24 2:18,1,1,2,2,2,3,1,1,1,1,1,1,Male,Above 39,Graduate,>$100k,White,Moderate liberal,Somewhat full
L,235247184,16,12/1/24 2:15,12/1/24 2:20,3,3,3,4,4,4,2,2,2,1,1,1,Female,21-39,College,>$100k,Multiracial,Moderate liberal,Somewhat full
L,235247260,17,12/1/24 2:18,12/1/24 2:21,2,2,2,2,2,2,2,2,2,2,2,2,Female,21-39,Junior college,<$50k,White,Strong liberal,Neutral
L,235247229,18,12/1/24 2:17,12/1/24 2:22,3,3,3,3,3,3,2,2,2,1,1,1,Male,Above 39,Graduate,>$100k,East Asian,Strong conservative,Moderately hungry
L,235247217,19,12/1/24 2:17,12/1/24 2:22,4,4,4,3,3,4,2,2,1,1,1,1,Male,Above 39,College,<$50k,White,Neutral,Moderately hungry
L,235247272,20,12/1/24 2:18,12/1/24 2:22,3,4,4,4,4,4,1,1,1,3,4,3,Female,21-39,Graduate,<$50k,White,Strong liberal,Moderately full
L,235247197,21,12/1/24 2:16,12/1/24 2:23,2,2,2,2,2,2,1,1,1,1,1,1,Female,21-39,College,<$50k,Others,Moderate liberal,Moderately full
L,235247292,22,12/1/24 2:20,12/1/24 2:23,3,3,2,2,2,2,1,1,2,3,3,2,Female,21-39,College,$50k-$100k,White,Strong liberal,Moderately full
L,235247311,23,12/1/24 2:21,12/1/24 2:23,2,2,2,1,1,1,1,1,1,1,1,1,Male,Above 39,Graduate,<$50k,White,Strong liberal,Neutral
L,235247331,24,12/1/24 2:21,12/1/24 2:25,2,1,1,3,3,4,1,1,1,2,2,2,Male,Above 39,Graduate,$50k-$100k,Black,Slight liberal,Neutral
L,235247364,25,12/1/24 2:23,12/1/24 2:25,2,1,3,3,2,2,2,1,1,2,1,2,Male,21-39,College,$50k-$100k,Multiracial,Slight liberal,Moderately full
L,235247330,26,12/1/24 2:21,12/1/24 2:26,3,3,3,3,3,3,1,1,1,2,2,2,Female,Above 39,Graduate,Prefer not to say,White,Neutral,Somewhat hungry
L,235247399,27,12/1/24 2:24,12/1/24 2:27,4,4,4,4,3,4,3,2,2,3,2,2,Male,21-39,Graduate,<$50k,White,Slight liberal,Moderately full
L,235247414,28,12/1/24 2:24,12/1/24 2:27,2,2,2,2,2,2,2,2,2,2,2,2,Prefer not to say,21-39,High school,<$50k,White,Strong liberal,Neutral
L,235247406,29,12/1/24 2:24,12/1/24 2:28,3,4,3,5,4,5,1,1,1,1,1,1,Male,21-39,High school,<$50k,White,Neutral,Somewhat full
L,235247731,30,12/1/24 2:45,12/1/24 2:48,4,4,4,4,4,5,2,2,2,3,3,2,Male,21-39,College,>$100k,White,Strong liberal,Moderately hungry
B,235246637,1,12/1/24 1:50,12/1/24 1:53,2,3,5,2,2,2,6,6,4,4,4,4,Female,21-39,College,$50k-$100k,East Asian,Slight liberal,Somewhat hungry
B,235246851,2,12/1/24 2:02,12/1/24 2:06,5,5,5,3,3,3,4,4,4,3,2,2,Male,21-39,Others,<$50k,Others,Strong liberal,Somewhat full
B,235246871,3,12/1/24 2:03,12/1/24 2:07,4,4,4,2,2,2,3,3,2,4,4,4,Male,21-39,College,>$100k,Multiracial,Neutral,Somewhat full
B,235246969,4,12/1/24 2:07,12/1/24 2:10,4,4,4,2,2,3,4,5,4,4,3,3,Female,21-39,Graduate,$50k-$100k,White,Moderate liberal,Somewhat full
B,235246953,5,12/1/24 2:07,12/1/24 2:10,4,4,5,3,3,2,4,4,4,4,4,4,Female,Below 21,High school,>$100k,South Asian,Moderate liberal,Moderately full
B,235247016,6,12/1/24 2:09,12/1/24 2:12,6,6,6,2,2,2,4,3,3,4,4,4,Male,21-39,High school,<$50k,White,Moderate liberal,Somewhat hungry
B,235247072,7,12/1/24 2:11,12/1/24 2:13,5,4,5,3,3,2,4,3,3,4,4,4,Female,21-39,College,$50k-$100k,Multiracial,Slight liberal,Moderately hungry
B,235247086,8,12/1/24 2:11,12/1/24 2:14,6,6,6,1,2,1,2,2,1,6,6,6,Male,21-39,College,<$50k,White,Slight conservative,Somewhat full
B,235247089,9,12/1/24 2:12,12/1/24 2:16,6,6,6,3,3,3,4,4,4,5,5,5,Female,21-39,College,$50k-$100k,White,Neutral,Somewhat full
B,235247130,10,12/1/24 2:13,12/1/24 2:19,5,5,5,3,3,3,4,4,3,4,4,4,Female,Above 39,College,<$50k,Black,Slight conservative,Somewhat full
B,235247218,11,12/1/24 2:17,12/1/24 2:19,4,4,4,3,3,3,3,3,3,4,4,4,Others,21-39,High school,<$50k,American Indian,Strong liberal,Moderately full
B,235247170,12,12/1/24 2:15,12/1/24 2:20,5,5,5,3,3,3,5,5,5,5,5,5,Male,Above 39,High school,Prefer not to say,White,Slight conservative,Somewhat hungry
B,235247181,13,12/1/24 2:16,12/1/24 2:20,5,4,5,2,1,1,3,4,3,5,4,4,Male,21-39,College,<$50k,Black,Moderate liberal,Moderately full
B,235247135,14,12/1/24 2:14,12/1/24 2:22,4,4,4,3,2,3,4,3,4,5,4,4,Male,21-39,Graduate,$50k-$100k,South Asian,Strong liberal,Moderately full
B,235247251,15,12/1/24 2:18,12/1/24 2:23,5,6,6,1,2,2,2,1,1,4,4,4,Female,21-39,High school,Prefer not to say,Others,Strong liberal,Somewhat hungry
B,235247313,17,12/1/24 2:21,12/1/24 2:24,5,5,5,3,3,3,2,3,3,4,4,4,Male,21-39,Graduate,>$100k,Multiracial,Strong conservative,Very full
B,235247236,18,12/1/24 2:17,12/1/24 2:24,5,5,5,6,5,5,3,5,5,6,6,5,Male,21-39,Graduate,>$100k,White,Strong conservative,Very full
B,235247359,19,12/1/24 2:22,12/1/24 2:25,5,5,4,3,3,3,2,3,3,4,4,4,Male,Above 39,College,$50k-$100k,White,Moderate liberal,Somewhat full
B,235247315,20,12/1/24 2:21,12/1/24 2:25,5,5,5,3,3,3,4,3,4,5,4,4,Female,21-39,Graduate,<$50k,Multiracial,Moderate liberal,Somewhat hungry
B,235247404,21,12/1/24 2:24,12/1/24 2:26,4,4,4,3,3,4,4,4,4,4,4,4,Female,Above 39,Graduate,>$100k,White,Neutral,Somewhat full
B,235247390,22,12/1/24 2:23,12/1/24 2:26,5,5,5,1,1,1,4,5,4,4,4,4,Female,21-39,College,$50k-$100k,White,Neutral,Somewhat full
B,235247301,23,12/1/24 2:20,12/1/24 2:26,4,4,4,3,3,3,3,2,2,4,4,4,Male,21-39,Graduate,>$100k,South Asian,Neutral,Moderately full
B,235247385,24,12/1/24 2:23,12/1/24 2:26,4,4,4,4,4,3,3,3,3,4,4,4,Female,21-39,College,<$50k,White,Slight conservative,Moderately full
B,235247416,25,12/1/24 2:24,12/1/24 2:34,4,4,5,2,2,3,4,2,3,4,3,3,Female,21-39,College,<$50k,White,Strong liberal,Moderately hungry
H,235246739,1,12/1/24 1:56,12/1/24 1:58,7,7,7,2,2,2,7,7,7,7,7,7,Female,21-39,High school,<$50k,White,Moderate liberal,Moderately full
H,235246714,2,12/1/24 1:55,12/1/24 1:59,5,5,5,2,2,1,7,7,7,6,5,6,Female,Above 39,High school,$50k-$100k,White,Moderate conservative,Moderately full
H,235246760,3,12/1/24 1:57,12/1/24 2:00,4,4,4,3,3,3,6,5,5,6,6,6,Male,21-39,Graduate,<$50k,White,Neutral,Neutral
H,235246807,4,12/1/24 1:59,12/1/24 2:02,6,6,6,3,2,4,6,6,6,6,6,5,Female,21-39,High school,$50k-$100k,White,Strong liberal,Somewhat full
H,235246815,5,12/1/24 2:00,12/1/24 2:03,5,5,5,3,3,3,6,6,6,5,5,5,Female,Above 39,Graduate,<$50k,White,Moderate liberal,Somewhat hungry
H,235246800,6,12/1/24 1:59,12/1/24 2:03,6,6,6,2,1,1,6,7,6,6,6,6,Male,Above 39,High school,$50k-$100k,White,Neutral,Neutral
H,235246832,7,12/1/24 2:01,12/1/24 2:06,6,6,6,3,3,4,6,7,6,5,5,5,Female,Above 39,College,<$50k,White,Moderate liberal,Somewhat full
H,235246886,8,12/1/24 2:04,12/1/24 2:07,7,7,7,1,1,1,7,7,7,7,7,7,Male,21-39,Graduate,<$50k,East Asian,Neutral,Somewhat full
H,235246904,9,12/1/24 2:04,12/1/24 2:08,7,7,7,3,3,4,7,7,7,6,7,7,Male,21-39,College,$50k-$100k,Others,Slight conservative,Moderately full
H,235247044,10,12/1/24 2:09,12/1/24 2:11,5,4,5,5,4,3,5,4,4,5,4,4,Male,21-39,College,$50k-$100k,White,Neutral,Neutral
H,235247071,11,12/1/24 2:11,12/1/24 2:14,5,5,5,3,3,3,5,5,5,4,4,4,Female,21-39,Graduate,$50k-$100k,White,Strong liberal,Neutral
H,235247099,12,12/1/24 2:12,12/1/24 2:16,5,5,5,2,2,1,5,5,6,5,5,5,Male,Below 21,College,<$50k,Others,Strong liberal,Somewhat full
H,235247106,13,12/1/24 2:12,12/1/24 2:19,5,5,5,2,2,2,7,7,7,5,4,5,Female,21-39,College,$50k-$100k,Others,Moderate liberal,Somewhat hungry
H,235247190,14,12/1/24 2:16,12/1/24 2:20,6,7,7,3,2,2,6,5,5,6,6,7,Male,21-39,College,<$50k,East Asian,Slight liberal,Somewhat full
H,235247253,15,12/1/24 2:18,12/1/24 2:21,6,6,6,2,2,2,6,6,6,5,5,5,Female,Above 39,College,$50k-$100k,East Asian,Moderate liberal,Somewhat full
H,235247210,16,12/1/24 2:16,12/1/24 2:21,6,6,6,3,3,3,6,6,6,5,5,5,Female,21-39,Graduate,<$50k,White,Strong conservative,Neutral
H,235247223,17,12/1/24 2:17,12/1/24 2:21,6,7,7,2,3,2,7,7,7,6,6,6,Male,21-39,High school,<$50k,White,Moderate liberal,Very hungry
H,235247263,18,12/1/24 2:18,12/1/24 2:22,5,6,5,4,3,3,6,6,6,5,4,4,Male,Above 39,College,>$100k,White,Strong conservative,Somewhat full
H,235247300,19,12/1/24 2:20,12/1/24 2:23,6,6,7,2,2,2,5,5,6,6,6,6,Male,21-39,College,<$50k,East Asian,Neutral,Somewhat hungry
H,235247192,20,12/1/24 2:16,12/1/24 2:23,6,6,6,3,2,3,7,7,7,5,5,5,Female,Above 39,College,>$100k,White,Moderate liberal,Moderately full
H,235247352,21,12/1/24 2:22,12/1/24 2:24,4,4,4,2,2,2,5,6,5,5,5,5,Male,21-39,College,$50k-$100k,White,Moderate liberal,Somewhat hungry
H,235247345,22,12/1/24 2:22,12/1/24 2:25,5,5,5,3,3,2,5,5,5,5,5,5,Female,21-39,College,>$100k,White,Neutral,Neutral
H,235247284,24,12/1/24 2:19,12/1/24 2:26,6,6,6,2,2,2,1,1,1,6,6,6,Male,Above 39,College,<$50k,White,Strong conservative,Somewhat full
H,235247367,25,12/1/24 2:22,12/1/24 2:33,7,6,7,2,1,3,5,6,6,5,6,5,Male,21-39,Junior college,<$50k,Black,Neutral,Somewhat full
VH,235246627,1,12/1/24 1:50,12/1/24 1:52,7,7,7,3,2,2,6,6,6,7,7,6,Female,21-39,High school,$50k-$100k,White,Strong liberal,Very full
VH,235246672,2,12/1/24 1:52,12/1/24 1:55,6,6,6,3,3,3,6,6,6,7,7,7,Female,21-39,High school,$50k-$100k,White,Moderate conservative,Somewhat hungry
VH,235246639,3,12/1/24 1:50,12/1/24 1:57,6,2,3,1,1,1,7,7,7,6,6,6,Female,Above 39,High school,<$50k,White,Slight conservative,Neutral
VH,235246712,4,12/1/24 1:55,12/1/24 2:00,7,7,7,4,3,4,6,6,7,7,7,7,Female,21-39,College,$50k-$100k,White,Neutral,Moderately full
VH,235246782,5,12/1/24 1:58,12/1/24 2:01,6,5,5,4,4,3,6,6,5,6,6,6,Male,Above 39,Graduate,>$100k,White,Strong liberal,Moderately full
VH,235246702,6,12/1/24 1:54,12/1/24 2:02,6,6,6,4,4,4,4,4,4,7,7,7,Female,Above 39,Graduate,<$50k,White,Neutral,Somewhat full
VH,235246850,7,12/1/24 2:02,12/1/24 2:05,7,7,7,5,4,5,6,6,6,6,1,1,Female,21-39,College,<$50k,East Asian,Slight liberal,Neutral
VH,235246947,8,12/1/24 2:07,12/1/24 2:09,7,7,7,3,2,2,7,7,7,7,7,7,Female,21-39,College,$50k-$100k,White,Strong liberal,Neutral
VH,235246962,9,12/1/24 2:07,12/1/24 2:09,6,6,6,2,2,2,6,6,6,7,7,7,Female,21-39,Junior college,<$50k,White,Strong liberal,Neutral
VH,235247055,10,12/1/24 2:10,12/1/24 2:14,6,7,7,2,1,1,7,7,6,6,7,7,Female,Above 39,Junior college,<$50k,White,Neutral,Somewhat hungry
VH,235247108,11,12/1/24 2:12,12/1/24 2:15,5,5,5,2,2,2,6,6,6,3,4,4,Male,Above 39,College,>$100k,White,Slight liberal,Moderately hungry
VH,235247081,12,12/1/24 2:11,12/1/24 2:16,5,5,6,1,1,1,4,3,4,2,2,3,Female,Above 39,Graduate,<$50k,White,Slight conservative,Somewhat full
VH,235247009,13,12/1/24 2:09,12/1/24 2:16,5,5,6,1,2,1,6,6,6,7,7,7,Female,Above 39,College,$50k-$100k,Multiracial,Slight liberal,Moderately full
VH,235247157,14,12/1/24 2:15,12/1/24 2:16,6,5,6,1,1,2,6,7,6,7,7,7,Male,21-39,College,$50k-$100k,White,Strong liberal,Moderately full
VH,235247131,15,12/1/24 2:14,12/1/24 2:16,6,6,6,3,2,3,5,5,5,7,6,6,Male,21-39,College,>$100k,White,Moderate liberal,Somewhat hungry
VH,235247118,16,12/1/24 2:13,12/1/24 2:16,7,7,7,2,1,1,6,7,7,6,6,7,Female,21-39,Graduate,>$100k,White,Moderate conservative,Somewhat full
VH,235247146,17,12/1/24 2:14,12/1/24 2:18,5,6,6,3,2,2,6,7,7,7,7,7,Male,Above 39,College,<$50k,White,Neutral,Moderately full
VH,235247191,18,12/1/24 2:16,12/1/24 2:18,5,6,5,6,5,5,6,6,6,7,6,7,Male,21-39,High school,$50k-$100k,East Asian,Moderate liberal,Somewhat hungry
VH,235247177,19,12/1/24 2:15,12/1/24 2:19,5,6,6,3,3,2,6,7,6,6,7,6,Male,21-39,College,<$50k,White,Moderate liberal,Somewhat hungry
VH,235247196,20,12/1/24 2:16,12/1/24 2:19,5,5,6,4,3,3,6,5,6,6,6,6,Male,21-39,College,$50k-$100k,White,Slight liberal,Somewhat full
VH,235247240,21,12/1/24 2:17,12/1/24 2:19,7,7,6,2,2,2,7,7,7,1,1,1,Male,21-39,College,>$100k,East Asian,Slight liberal,Somewhat hungry
VH,235247203,23,12/1/24 2:16,12/1/24 2:20,5,6,6,3,3,2,7,7,7,7,7,7,Male,21-39,High school,<$50k,White,Moderate conservative,Neutral
VH,235247213,24,12/1/24 2:16,12/1/24 2:21,6,7,7,3,4,2,7,7,7,7,7,7,Female,Below 21,Others,Prefer not to say,Black,Slight liberal,Somewhat full
VH,235247276,25,12/1/24 2:19,12/1/24 2:22,6,6,6,3,3,4,6,6,6,4,5,5,Male,Above 39,College,>$100k,White,Moderate liberal,Neutral
VH,235247100,26,12/1/24 2:12,12/1/24 2:23,6,6,6,2,2,3,6,6,6,7,7,7,Female,Above 39,College,$50k-$100k,East Asian,Neutral,Somewhat hungry
VH,235247064,27,12/1/24 2:10,12/1/24 2:23,7,7,7,3,3,3,7,7,7,7,7,7,Female,21-39,College,$50k-$100k,White,Slight conservative,Neutral
VH,235247369,28,12/1/24 2:23,12/1/24 2:24,7,7,6,2,2,3,6,5,6,6,6,6,Male,21-39,College,$50k-$100k,East Asian,Neutral,Somewhat full
VH,235247261,29,12/1/24 2:18,12/1/24 2:26,6,6,7,1,1,1,7,7,7,7,7,7,Female,21-39,College,<$50k,Multiracial,Moderate liberal,Very full
VH,235247338,30,12/1/24 2:21,12/1/24 2:26,7,7,7,3,3,3,6,6,6,7,7,7,Male,Above 39,College,>$100k,White,Strong conservative,Somewhat full
VH,235247394,31,12/1/24 2:23,12/1/24 2:26,7,7,7,2,2,1,7,7,7,6,7,7,Male,21-39,High school,<$50k,Others,Neutral,Somewhat hungry
VH,235247363,32,12/1/24 2:22,12/1/24 2:26,7,7,7,1,1,1,7,7,7,7,7,7,Male,Above 39,College,$50k-$100k,White,Moderate liberal,Moderately full
VH,235247386,34,12/1/24 2:23,12/1/24 2:28,7,7,7,4,5,4,6,6,6,7,7,7,Female,Above 39,Graduate,>$100k,White,Slight liberal,Moderately full
VH,235247365,35,12/1/24 2:22,12/1/24 2:29,7,7,7,2,2,2,7,6,6,6,7,6,Female,Above 39,Graduate,$50k-$100k,Black,Moderate liberal,Somewhat full
VH,235247632,36,12/1/24 2:38,12/1/24 2:41,7,7,7,4,2,3,7,7,7,7,7,7,Female,21-39,College,<$50k,Black,Moderate liberal,Neutral